<llsd>
    <map>
    <key>ambient</key>
        <array>
            <real>1.0499999523162842</real>
            <real>1.0499999523162842</real>
            <real>1.0499999523162842</real>
            <real>0.34999999403953552</real>
        </array>
    <key>blue_density</key>
        <array>
            <real>0.2447581488182351</real>
            <real>0.44872328639030457</real>
            <real>0.75999999046325684</real>
            <real>0.38000004053115788</real>
        </array>
    <key>blue_horizon</key>
        <array>
            <real>0.49548382097675159</real>
            <real>0.49548381382419748</real>
            <real>0.63999999284744291</real>
            <real>0.31999999642372146</real>
        </array>
    <key>cloud_color</key>
        <array>
            <real>0.40999999165535073</real>
            <real>0.40999999165535073</real>
            <real>0.40999999165535073</real>
            <real>0.40999999165535073</real>
        </array>
    <key>cloud_pos_density1</key>
        <array>
            <real>1.6884100437164307</real>
            <real>0.52609699964523315</real>
            <real>0.99999999999999289</real>
            <real>1</real>
        </array>
    <key>cloud_pos_density2</key>
        <array>
            <real>1.6884100437164307</real>
            <real>0.52609699964523315</real>
            <real>0.125</real>
            <real>1</real>
        </array>
    <key>cloud_scale</key>
        <array>
            <real>0.4199999868869746</real>
            <real>0</real>
            <real>0</real>
            <real>1</real>
        </array>
    <key>cloud_scroll_rate</key>
        <array>
            <real>10.199999809265137</real>
            <real>10.01099967956543</real>
        </array>
    <key>cloud_shadow</key>
        <array>
            <real>0.26999998092651367</real>
            <real>0</real>
            <real>0</real>
            <real>1</real>
        </array>
    <key>density_multiplier</key>
        <array>
            <real>0.00017999998817685818</real>
            <real>0</real>
            <real>0</real>
            <real>1</real>
        </array>
    <key>distance_multiplier</key>
        <array>
            <real>0.80000001192093606</real>
            <real>0</real>
            <real>0</real>
            <real>1</real>
        </array>
    <key>east_angle</key>
        <real>0</real>
    <key>enable_cloud_scroll</key>
        <array>
            <boolean>1</boolean>
            <boolean>1</boolean>
        </array>
    <key>gamma</key>
        <array>
            <real>1</real>
            <real>0</real>
            <real>0</real>
            <real>1</real>
        </array>
    <key>glow</key>
        <array>
            <real>5</real>
            <real>0.0010000000474974513</real>
            <real>-0.47999998927116394</real>
            <real>1</real>
        </array>
    <key>haze_density</key>
        <array>
            <real>0.69999998807907104</real>
            <real>0</real>
            <real>0</real>
            <real>1</real>
        </array>
    <key>haze_horizon</key>
        <array>
            <real>0.18999999761581243</real>
            <real>0.19915600121021271</real>
            <real>0.19915600121021271</real>
            <real>1</real>
        </array>
    <key>lightnorm</key>
        <array>
            <real>0</real>
            <real>0.70710659027099609</real>
            <real>-0.70710694789886475</real>
            <real>0</real>
        </array>
    <key>max_y</key>
        <array>
            <real>1605</real>
            <real>0</real>
            <real>0</real>
            <real>1</real>
        </array>
    <key>preset_num</key>
        <integer>22</integer>
    <key>star_brightness</key>
        <real>0</real>
    <key>sun_angle</key>
        <real>2.3561947345733643</real>
    <key>sunlight_color</key>
        <array>
            <real>0.73421055078505759</real>
            <real>0.78157895803450828</real>
            <real>0.89999997615813498</real>
            <real>0.29999998211860301</real>
        </array>
    </map>
</llsd>
