<llsd>
    <map>
    <key>ambient</key>
        <array>
            <real>1.0499999949065426</real>
            <real>1.0499999988079054</real>
            <real>1.0499999988079054</real>
            <real>0.3500000095367426</real>
        </array>
    <key>blue_density</key>
        <array>
            <real>0.15999999642372131</real>
            <real>0.44872328639030457</real>
            <real>0.75999999046325684</real>
            <real>0.75999999046325684</real>
        </array>
    <key>blue_horizon</key>
        <array>
            <real>0.53999996185302734</real>
            <real>0.47999998927116394</real>
            <real>0.69999998807907104</real>
            <real>0.34999999403953552</real>
        </array>
    <key>cloud_color</key>
        <array>
            <real>0.37000000476837158</real>
            <real>0.37000000476837158</real>
            <real>0.37000000476837158</real>
            <real>0.37000000476837158</real>
        </array>
    <key>cloud_pos_density1</key>
        <array>
            <real>1.6884100437164307</real>
            <real>0.52609699964523315</real>
            <real>0.99999998569455784</real>
            <real>1</real>
        </array>
    <key>cloud_pos_density2</key>
        <array>
            <real>1.6884100437164307</real>
            <real>0.52609699964523315</real>
            <real>0.125</real>
            <real>1</real>
        </array>
    <key>cloud_scale</key>
        <array>
            <real>0.41999997615814166</real>
            <real>0</real>
            <real>0</real>
            <real>1</real>
        </array>
    <key>cloud_scroll_rate</key>
        <array>
            <real>10.199999844956437</real>
            <real>10.01099967956543</real>
        </array>
    <key>cloud_shadow</key>
        <array>
            <real>0.27333331108093262</real>
            <real>0</real>
            <real>0</real>
            <real>1</real>
        </array>
    <key>density_multiplier</key>
        <array>
            <real>0.00017999998102430359</real>
            <real>0</real>
            <real>0</real>
            <real>1</real>
        </array>
    <key>distance_multiplier</key>
        <array>
            <real>0.80000008344649842</real>
            <real>0</real>
            <real>0</real>
            <real>1</real>
        </array>
    <key>east_angle</key>
        <real>0</real>
    <key>enable_cloud_scroll</key>
        <array>
            <boolean>1</boolean>
            <boolean>1</boolean>
        </array>
    <key>gamma</key>
        <array>
            <real>1</real>
            <real>0</real>
            <real>0</real>
            <real>1</real>
        </array>
    <key>glow</key>
        <array>
            <real>4.9999999284740397</real>
            <real>0.0010000000474974513</real>
            <real>-0.47999999046327346</real>
            <real>1</real>
        </array>
    <key>haze_density</key>
        <array>
            <real>0.70000003576435432</real>
            <real>0</real>
            <real>0</real>
            <real>1</real>
        </array>
    <key>haze_horizon</key>
        <array>
            <real>0.18999999284767277</real>
            <real>0.19915600121021271</real>
            <real>0.19915600121021271</real>
            <real>1</real>
        </array>
    <key>lightnorm</key>
        <array>
            <real>0</real>
            <real>0.70710676908493042</real>
            <real>0.70710676908493042</real>
            <real>0</real>
        </array>
    <key>max_y</key>
        <array>
            <real>1605</real>
            <real>0</real>
            <real>0</real>
            <real>1</real>
        </array>
    <key>preset_num</key>
        <integer>22</integer>
    <key>star_brightness</key>
        <real>0</real>
    <key>sun_angle</key>
        <real>0.78539818525314331</real>
    <key>sunlight_color</key>
        <array>
            <real>0.73421054104441197</real>
            <real>0.7815789463510896</real>
            <real>0.89999995470046912</real>
            <real>0.29999997496605069</real>
        </array>
    </map>
</llsd>
