<llsd>
    <map>
    <key>ambient</key>
        <array>
            <real>0.22259476780891418</real>
            <real>0.26450252532958984</real>
            <real>0.35999998450279236</real>
            <real>0.11999999731779099</real>
        </array>
    <key>blue_density</key>
        <array>
            <real>0.44999116536295314</real>
            <real>0.44999854555993368</real>
            <real>0.45001013284446073</real>
            <real>1</real>
        </array>
    <key>blue_horizon</key>
        <array>
            <real>0.23999616268583132</real>
            <real>0.239999227803052</real>
            <real>0.24000028550619668</real>
            <real>1</real>
        </array>
    <key>cloud_color</key>
        <array>
            <real>0.22615400241566114</real>
            <real>0.22615400241566114</real>
            <real>0.22615400241566114</real>
            <real>1</real>
        </array>
    <key>cloud_pos_density1</key>
        <array>
            <real>1.6884100437164307</real>
            <real>0.52609699964523315</real>
            <real>0.88000000953681223</real>
            <real>1</real>
        </array>
    <key>cloud_pos_density2</key>
        <array>
            <real>1.6884100437164307</real>
            <real>0.52609699964523315</real>
            <real>0.125</real>
            <real>1</real>
        </array>
    <key>cloud_scale</key>
        <array>
            <real>0.41999998688697815</real>
            <real>0</real>
            <real>0</real>
            <real>1</real>
        </array>
    <key>cloud_scroll_rate</key>
        <array>
            <real>10.499400354105791</real>
            <real>10.011000104419489</real>
        </array>
    <key>cloud_shadow</key>
        <array>
            <real>0.26999998092651367</real>
            <real>0</real>
            <real>0</real>
            <real>1</real>
        </array>
    <key>density_multiplier</key>
        <array>
            <real>0.0003000046529240592</real>
            <real>0</real>
            <real>0</real>
            <real>1</real>
        </array>
    <key>distance_multiplier</key>
        <array>
            <real>7.8213197608078763e-005</real>
            <real>0</real>
            <real>0</real>
            <real>1</real>
        </array>
    <key>east_angle</key>
        <real>0</real>
    <key>enable_cloud_scroll</key>
        <array>
            <boolean>1</boolean>
            <boolean>1</boolean>
        </array>
    <key>gamma</key>
        <array>
            <real>1</real>
            <real>0</real>
            <real>0</real>
            <real>1</real>
        </array>
    <key>glow</key>
        <array>
            <real>5.0000000000023022</real>
            <real>0.0010000000214220922</real>
            <real>-0.47999999165507345</real>
            <real>1</real>
        </array>
    <key>haze_density</key>
        <array>
            <real>3.9999044060931555</real>
            <real>0</real>
            <real>0</real>
            <real>1</real>
        </array>
    <key>haze_horizon</key>
        <array>
            <real>4.6348559691012062e-006</real>
            <real>0.19915600437461423</real>
            <real>0.19915600437461423</real>
            <real>1</real>
        </array>
    <key>lightnorm</key>
        <array>
            <real>0</real>
            <real>0.70710653066635132</real>
            <real>-0.70710700750350952</real>
            <real>1</real>
        </array>
    <key>max_y</key>
        <array>
            <real>906.19008370909478</real>
            <real>0</real>
            <real>0</real>
            <real>1</real>
        </array>
    <key>preset_num</key>
        <integer>22</integer>
    <key>star_brightness</key>
        <real>1.9999420642852783</real>
    <key>sun_angle</key>
        <real>5.4977874755859375</real>
    <key>sunlight_color</key>
        <array>
            <real>0.60242295265197754</real>
            <real>0.61447036266326904</real>
            <real>1.1399999856948853</real>
            <real>0.37999999523162842</real>
        </array>
    </map>
</llsd>
