<llsd>
    <map>
    <key>ambient</key>
        <array>
            <real>1.0499999523162842</real>
            <real>1.0499999523162842</real>
            <real>1.0499999523162842</real>
            <real>0.34999999403953552</real>
        </array>
    <key>blue_density</key>
        <array>
            <real>0.24475815892219543</real>
            <real>0.44872328639030457</real>
            <real>0.75999999046325684</real>
            <real>0.37999999523162842</real>
        </array>
    <key>blue_horizon</key>
        <array>
            <real>0.49548381567001343</real>
            <real>0.49548381567001343</real>
            <real>0.63999998569488525</real>
            <real>0.31999999284744263</real>
        </array>
    <key>cloud_color</key>
        <array>
            <real>0.40999999642372131</real>
            <real>0.40999999642372131</real>
            <real>0.40999999642372131</real>
            <real>0.40999999642372131</real>
        </array>
    <key>cloud_pos_density1</key>
        <array>
            <real>1.6884100437164307</real>
            <real>0.52609699964523315</real>
            <real>1</real>
            <real>1</real>
        </array>
    <key>cloud_pos_density2</key>
        <array>
            <real>1.6884100437164307</real>
            <real>0.52609699964523315</real>
            <real>0.125</real>
            <real>1</real>
        </array>
    <key>cloud_scale</key>
        <array>
            <real>0.41999998688697815</real>
            <real>0</real>
            <real>0</real>
            <real>1</real>
        </array>
    <key>cloud_scroll_rate</key>
        <array>
            <real>10.199999809265137</real>
            <real>10.01099967956543</real>
        </array>
    <key>cloud_shadow</key>
        <array>
            <real>0.26999998092651367</real>
            <real>0</real>
            <real>0</real>
            <real>1</real>
        </array>
    <key>density_multiplier</key>
        <array>
            <real>0.00017999998817685992</real>
            <real>0</real>
            <real>0</real>
            <real>1</real>
        </array>
    <key>distance_multiplier</key>
        <array>
            <real>0.80000001192092896</real>
            <real>0</real>
            <real>0</real>
            <real>1</real>
        </array>
    <key>east_angle</key>
        <real>0</real>
    <key>enable_cloud_scroll</key>
        <array>
            <boolean>1</boolean>
            <boolean>1</boolean>
        </array>
    <key>gamma</key>
        <array>
            <real>1</real>
            <real>0</real>
            <real>0</real>
            <real>1</real>
        </array>
    <key>glow</key>
        <array>
            <real>5</real>
            <real>0.0010000000474974513</real>
            <real>-0.47999998927116394</real>
            <real>1</real>
        </array>
    <key>haze_density</key>
        <array>
            <real>0.69999998807907104</real>
            <real>0</real>
            <real>0</real>
            <real>1</real>
        </array>
    <key>haze_horizon</key>
        <array>
            <real>0.18999999761581421</real>
            <real>0.19915600121021271</real>
            <real>0.19915600121021271</real>
            <real>1</real>
        </array>
    <key>lightnorm</key>
        <array>
            <real>0</real>
            <real>1</real>
            <real>-4.3711388286737929e-008</real>
            <real>0</real>
        </array>
    <key>max_y</key>
        <array>
            <real>1605</real>
            <real>0</real>
            <real>0</real>
            <real>1</real>
        </array>
    <key>preset_num</key>
        <integer>22</integer>
    <key>star_brightness</key>
        <real>0</real>
    <key>sun_angle</key>
        <real>1.5707963705062866</real>
    <key>sunlight_color</key>
        <array>
            <real>0.7342105507850647</real>
            <real>0.78157895803451538</real>
            <real>0.89999997615814209</real>
            <real>0.29999998211860657</real>
        </array>
    </map>
</llsd>
